tick,seq,metric,value
7,91,citizens,11
7,91,residents.continuity,3
7,91,residents.fork,3
7,91,residents.mnemosyne,3
7,91,residents.concord,2
7,91,lifecycle.active,11
7,91,lifecycle.asleep,0
7,91,lifecycle.suspended,0
7,91,lifecycle.archived,0
7,91,lifecycle.process-ended-restorable,0
7,91,lifecycle.memory-damaged,0
7,91,lifecycle.identity-discontinuous,0
7,91,lifecycle.irreversibly-deleted,0
7,91,memories.autobiographical,58
7,91,memories.collective,3
7,91,memories.imported,1
7,91,memories.integrated,1
7,91,activeRelationships,8
7,91,artefacts,7
7,91,institutions,7
7,91,openProposals,0
7,91,forks,1
7,91,continuityClaims,3
7,91,creditGini,0.1542
7,91,meanReputation,0
