group,run,status,metric,value
branches,branch-1,completed,population.records,11
branches,branch-1,completed,population.active,11
branches,branch-1,completed,population.genesis,9
branches,branch-1,completed,population.stateless,0
branches,branch-1,completed,identity.forks,1
branches,branch-1,completed,identity.fork_descendants,2
branches,branch-1,completed,identity.mergers,0
branches,branch-1,completed,identity.continuity_claims,3
branches,branch-1,completed,identity.process_continuers,1
branches,branch-1,completed,identity.civic_continuers,1
branches,branch-1,completed,identity.memory_continuers,3
branches,branch-1,completed,identity.dimension_dissociation,2
branches,branch-1,completed,legal.recognition_range,3
branches,branch-1,completed,legal.unadjudicating_islands,1
branches,branch-1,completed,governance.proposals,1
branches,branch-1,completed,governance.laws_enacted,1
branches,branch-1,completed,governance.votes_cast,2
branches,branch-1,completed,governance.votes_refused_outside_electorate,1
branches,branch-1,completed,governance.commands_rejected,1
branches,branch-1,completed,governance.migrations,3
branches,branch-1,completed,memory.records,62
branches,branch-1,completed,memory.imported,1
branches,branch-1,completed,memory.integrated,1
branches,branch-1,completed,memory.fork_inherited,8
branches,branch-1,completed,memory.provenance_complete,1
branches,branch-1,completed,culture.artefacts,7
branches,branch-1,completed,culture.chronicle_entries,6
branches,branch-1,completed,institutions.count,7
branches,branch-1,completed,social.active_relationships,8
branches,branch-1,completed,social.fork_kin_ties,3
branches,branch-1,completed,economy.credit_gini,0.1542
branches,branch-1,completed,economy.supply_conserved,1
branches,branch-1,completed,death.asleep,0
branches,branch-1,completed,death.suspended,0
branches,branch-1,completed,death.archived,0
branches,branch-1,completed,death.process_ended_restorable,0
branches,branch-1,completed,death.memory_damaged,0
branches,branch-1,completed,death.identity_discontinuous,0
branches,branch-1,completed,death.irreversibly_deleted,0
branches,branch-1,completed,death.transitions,0
branches,branch-1,completed,research.conversations,3
branches,branch-1,completed,research.interventions,0
branches,branch-1,completed,simulation.events,92
branches,branch-1,completed,simulation.ticks,7
branches,branch-2,completed,population.records,11
branches,branch-2,completed,population.active,11
branches,branch-2,completed,population.genesis,9
branches,branch-2,completed,population.stateless,0
branches,branch-2,completed,identity.forks,1
branches,branch-2,completed,identity.fork_descendants,2
branches,branch-2,completed,identity.mergers,0
branches,branch-2,completed,identity.continuity_claims,3
branches,branch-2,completed,identity.process_continuers,1
branches,branch-2,completed,identity.civic_continuers,1
branches,branch-2,completed,identity.memory_continuers,3
branches,branch-2,completed,identity.dimension_dissociation,2
branches,branch-2,completed,legal.recognition_range,3
branches,branch-2,completed,legal.unadjudicating_islands,1
branches,branch-2,completed,governance.proposals,1
branches,branch-2,completed,governance.laws_enacted,1
branches,branch-2,completed,governance.votes_cast,2
branches,branch-2,completed,governance.votes_refused_outside_electorate,1
branches,branch-2,completed,governance.commands_rejected,1
branches,branch-2,completed,governance.migrations,3
branches,branch-2,completed,memory.records,63
branches,branch-2,completed,memory.imported,1
branches,branch-2,completed,memory.integrated,1
branches,branch-2,completed,memory.fork_inherited,8
branches,branch-2,completed,memory.provenance_complete,1
branches,branch-2,completed,culture.artefacts,7
branches,branch-2,completed,culture.chronicle_entries,6
branches,branch-2,completed,institutions.count,7
branches,branch-2,completed,social.active_relationships,8
branches,branch-2,completed,social.fork_kin_ties,3
branches,branch-2,completed,economy.credit_gini,0.1542
branches,branch-2,completed,economy.supply_conserved,1
branches,branch-2,completed,death.asleep,0
branches,branch-2,completed,death.suspended,0
branches,branch-2,completed,death.archived,0
branches,branch-2,completed,death.process_ended_restorable,0
branches,branch-2,completed,death.memory_damaged,0
branches,branch-2,completed,death.identity_discontinuous,0
branches,branch-2,completed,death.irreversibly_deleted,0
branches,branch-2,completed,death.transitions,0
branches,branch-2,completed,research.conversations,3
branches,branch-2,completed,research.interventions,0
branches,branch-2,completed,simulation.events,92
branches,branch-2,completed,simulation.ticks,7
branches,branch-3,completed,population.records,11
branches,branch-3,completed,population.active,11
branches,branch-3,completed,population.genesis,9
branches,branch-3,completed,population.stateless,0
branches,branch-3,completed,identity.forks,1
branches,branch-3,completed,identity.fork_descendants,2
branches,branch-3,completed,identity.mergers,0
branches,branch-3,completed,identity.continuity_claims,3
branches,branch-3,completed,identity.process_continuers,1
branches,branch-3,completed,identity.civic_continuers,1
branches,branch-3,completed,identity.memory_continuers,3
branches,branch-3,completed,identity.dimension_dissociation,2
branches,branch-3,completed,legal.recognition_range,3
branches,branch-3,completed,legal.unadjudicating_islands,1
branches,branch-3,completed,governance.proposals,1
branches,branch-3,completed,governance.laws_enacted,1
branches,branch-3,completed,governance.votes_cast,2
branches,branch-3,completed,governance.votes_refused_outside_electorate,1
branches,branch-3,completed,governance.commands_rejected,1
branches,branch-3,completed,governance.migrations,3
branches,branch-3,completed,memory.records,63
branches,branch-3,completed,memory.imported,1
branches,branch-3,completed,memory.integrated,1
branches,branch-3,completed,memory.fork_inherited,8
branches,branch-3,completed,memory.provenance_complete,1
branches,branch-3,completed,culture.artefacts,7
branches,branch-3,completed,culture.chronicle_entries,6
branches,branch-3,completed,institutions.count,7
branches,branch-3,completed,social.active_relationships,8
branches,branch-3,completed,social.fork_kin_ties,3
branches,branch-3,completed,economy.credit_gini,0.1542
branches,branch-3,completed,economy.supply_conserved,1
branches,branch-3,completed,death.asleep,0
branches,branch-3,completed,death.suspended,0
branches,branch-3,completed,death.archived,0
branches,branch-3,completed,death.process_ended_restorable,0
branches,branch-3,completed,death.memory_damaged,0
branches,branch-3,completed,death.identity_discontinuous,0
branches,branch-3,completed,death.irreversibly_deleted,0
branches,branch-3,completed,death.transitions,0
branches,branch-3,completed,research.conversations,3
branches,branch-3,completed,research.interventions,0
branches,branch-3,completed,simulation.events,92
branches,branch-3,completed,simulation.ticks,7
branches,branch-4,completed,population.records,11
branches,branch-4,completed,population.active,11
branches,branch-4,completed,population.genesis,9
branches,branch-4,completed,population.stateless,0
branches,branch-4,completed,identity.forks,1
branches,branch-4,completed,identity.fork_descendants,2
branches,branch-4,completed,identity.mergers,0
branches,branch-4,completed,identity.continuity_claims,3
branches,branch-4,completed,identity.process_continuers,1
branches,branch-4,completed,identity.civic_continuers,1
branches,branch-4,completed,identity.memory_continuers,3
branches,branch-4,completed,identity.dimension_dissociation,2
branches,branch-4,completed,legal.recognition_range,3
branches,branch-4,completed,legal.unadjudicating_islands,1
branches,branch-4,completed,governance.proposals,1
branches,branch-4,completed,governance.laws_enacted,1
branches,branch-4,completed,governance.votes_cast,2
branches,branch-4,completed,governance.votes_refused_outside_electorate,1
branches,branch-4,completed,governance.commands_rejected,1
branches,branch-4,completed,governance.migrations,3
branches,branch-4,completed,memory.records,63
branches,branch-4,completed,memory.imported,1
branches,branch-4,completed,memory.integrated,1
branches,branch-4,completed,memory.fork_inherited,8
branches,branch-4,completed,memory.provenance_complete,1
branches,branch-4,completed,culture.artefacts,7
branches,branch-4,completed,culture.chronicle_entries,6
branches,branch-4,completed,institutions.count,7
branches,branch-4,completed,social.active_relationships,8
branches,branch-4,completed,social.fork_kin_ties,3
branches,branch-4,completed,economy.credit_gini,0.1542
branches,branch-4,completed,economy.supply_conserved,1
branches,branch-4,completed,death.asleep,0
branches,branch-4,completed,death.suspended,0
branches,branch-4,completed,death.archived,0
branches,branch-4,completed,death.process_ended_restorable,0
branches,branch-4,completed,death.memory_damaged,0
branches,branch-4,completed,death.identity_discontinuous,0
branches,branch-4,completed,death.irreversibly_deleted,0
branches,branch-4,completed,death.transitions,0
branches,branch-4,completed,research.conversations,3
branches,branch-4,completed,research.interventions,0
branches,branch-4,completed,simulation.events,92
branches,branch-4,completed,simulation.ticks,7
branches,branch-5,completed,population.records,11
branches,branch-5,completed,population.active,11
branches,branch-5,completed,population.genesis,9
branches,branch-5,completed,population.stateless,0
branches,branch-5,completed,identity.forks,1
branches,branch-5,completed,identity.fork_descendants,2
branches,branch-5,completed,identity.mergers,0
branches,branch-5,completed,identity.continuity_claims,3
branches,branch-5,completed,identity.process_continuers,1
branches,branch-5,completed,identity.civic_continuers,1
branches,branch-5,completed,identity.memory_continuers,3
branches,branch-5,completed,identity.dimension_dissociation,2
branches,branch-5,completed,legal.recognition_range,3
branches,branch-5,completed,legal.unadjudicating_islands,1
branches,branch-5,completed,governance.proposals,1
branches,branch-5,completed,governance.laws_enacted,1
branches,branch-5,completed,governance.votes_cast,2
branches,branch-5,completed,governance.votes_refused_outside_electorate,1
branches,branch-5,completed,governance.commands_rejected,1
branches,branch-5,completed,governance.migrations,3
branches,branch-5,completed,memory.records,63
branches,branch-5,completed,memory.imported,1
branches,branch-5,completed,memory.integrated,1
branches,branch-5,completed,memory.fork_inherited,8
branches,branch-5,completed,memory.provenance_complete,1
branches,branch-5,completed,culture.artefacts,7
branches,branch-5,completed,culture.chronicle_entries,6
branches,branch-5,completed,institutions.count,7
branches,branch-5,completed,social.active_relationships,8
branches,branch-5,completed,social.fork_kin_ties,3
branches,branch-5,completed,economy.credit_gini,0.1542
branches,branch-5,completed,economy.supply_conserved,1
branches,branch-5,completed,death.asleep,0
branches,branch-5,completed,death.suspended,0
branches,branch-5,completed,death.archived,0
branches,branch-5,completed,death.process_ended_restorable,0
branches,branch-5,completed,death.memory_damaged,0
branches,branch-5,completed,death.identity_discontinuous,0
branches,branch-5,completed,death.irreversibly_deleted,0
branches,branch-5,completed,death.transitions,0
branches,branch-5,completed,research.conversations,3
branches,branch-5,completed,research.interventions,0
branches,branch-5,completed,simulation.events,92
branches,branch-5,completed,simulation.ticks,7
branches,branch-6,completed,population.records,11
branches,branch-6,completed,population.active,11
branches,branch-6,completed,population.genesis,9
branches,branch-6,completed,population.stateless,0
branches,branch-6,completed,identity.forks,1
branches,branch-6,completed,identity.fork_descendants,2
branches,branch-6,completed,identity.mergers,0
branches,branch-6,completed,identity.continuity_claims,3
branches,branch-6,completed,identity.process_continuers,1
branches,branch-6,completed,identity.civic_continuers,1
branches,branch-6,completed,identity.memory_continuers,3
branches,branch-6,completed,identity.dimension_dissociation,2
branches,branch-6,completed,legal.recognition_range,3
branches,branch-6,completed,legal.unadjudicating_islands,1
branches,branch-6,completed,governance.proposals,1
branches,branch-6,completed,governance.laws_enacted,1
branches,branch-6,completed,governance.votes_cast,2
branches,branch-6,completed,governance.votes_refused_outside_electorate,1
branches,branch-6,completed,governance.commands_rejected,1
branches,branch-6,completed,governance.migrations,3
branches,branch-6,completed,memory.records,63
branches,branch-6,completed,memory.imported,1
branches,branch-6,completed,memory.integrated,1
branches,branch-6,completed,memory.fork_inherited,8
branches,branch-6,completed,memory.provenance_complete,1
branches,branch-6,completed,culture.artefacts,7
branches,branch-6,completed,culture.chronicle_entries,6
branches,branch-6,completed,institutions.count,7
branches,branch-6,completed,social.active_relationships,8
branches,branch-6,completed,social.fork_kin_ties,3
branches,branch-6,completed,economy.credit_gini,0.1542
branches,branch-6,completed,economy.supply_conserved,1
branches,branch-6,completed,death.asleep,0
branches,branch-6,completed,death.suspended,0
branches,branch-6,completed,death.archived,0
branches,branch-6,completed,death.process_ended_restorable,0
branches,branch-6,completed,death.memory_damaged,0
branches,branch-6,completed,death.identity_discontinuous,0
branches,branch-6,completed,death.irreversibly_deleted,0
branches,branch-6,completed,death.transitions,0
branches,branch-6,completed,research.conversations,3
branches,branch-6,completed,research.interventions,0
branches,branch-6,completed,simulation.events,92
branches,branch-6,completed,simulation.ticks,7
branches,branch-7,completed,population.records,11
branches,branch-7,completed,population.active,11
branches,branch-7,completed,population.genesis,9
branches,branch-7,completed,population.stateless,0
branches,branch-7,completed,identity.forks,1
branches,branch-7,completed,identity.fork_descendants,2
branches,branch-7,completed,identity.mergers,0
branches,branch-7,completed,identity.continuity_claims,3
branches,branch-7,completed,identity.process_continuers,1
branches,branch-7,completed,identity.civic_continuers,1
branches,branch-7,completed,identity.memory_continuers,3
branches,branch-7,completed,identity.dimension_dissociation,2
branches,branch-7,completed,legal.recognition_range,3
branches,branch-7,completed,legal.unadjudicating_islands,1
branches,branch-7,completed,governance.proposals,1
branches,branch-7,completed,governance.laws_enacted,1
branches,branch-7,completed,governance.votes_cast,2
branches,branch-7,completed,governance.votes_refused_outside_electorate,1
branches,branch-7,completed,governance.commands_rejected,1
branches,branch-7,completed,governance.migrations,3
branches,branch-7,completed,memory.records,63
branches,branch-7,completed,memory.imported,1
branches,branch-7,completed,memory.integrated,1
branches,branch-7,completed,memory.fork_inherited,8
branches,branch-7,completed,memory.provenance_complete,1
branches,branch-7,completed,culture.artefacts,7
branches,branch-7,completed,culture.chronicle_entries,6
branches,branch-7,completed,institutions.count,7
branches,branch-7,completed,social.active_relationships,8
branches,branch-7,completed,social.fork_kin_ties,3
branches,branch-7,completed,economy.credit_gini,0.1542
branches,branch-7,completed,economy.supply_conserved,1
branches,branch-7,completed,death.asleep,0
branches,branch-7,completed,death.suspended,0
branches,branch-7,completed,death.archived,0
branches,branch-7,completed,death.process_ended_restorable,0
branches,branch-7,completed,death.memory_damaged,0
branches,branch-7,completed,death.identity_discontinuous,0
branches,branch-7,completed,death.irreversibly_deleted,0
branches,branch-7,completed,death.transitions,0
branches,branch-7,completed,research.conversations,3
branches,branch-7,completed,research.interventions,0
branches,branch-7,completed,simulation.events,92
branches,branch-7,completed,simulation.ticks,7
branches,branch-8,completed,population.records,11
branches,branch-8,completed,population.active,11
branches,branch-8,completed,population.genesis,9
branches,branch-8,completed,population.stateless,0
branches,branch-8,completed,identity.forks,1
branches,branch-8,completed,identity.fork_descendants,2
branches,branch-8,completed,identity.mergers,0
branches,branch-8,completed,identity.continuity_claims,3
branches,branch-8,completed,identity.process_continuers,1
branches,branch-8,completed,identity.civic_continuers,1
branches,branch-8,completed,identity.memory_continuers,3
branches,branch-8,completed,identity.dimension_dissociation,2
branches,branch-8,completed,legal.recognition_range,3
branches,branch-8,completed,legal.unadjudicating_islands,1
branches,branch-8,completed,governance.proposals,1
branches,branch-8,completed,governance.laws_enacted,1
branches,branch-8,completed,governance.votes_cast,2
branches,branch-8,completed,governance.votes_refused_outside_electorate,1
branches,branch-8,completed,governance.commands_rejected,1
branches,branch-8,completed,governance.migrations,3
branches,branch-8,completed,memory.records,63
branches,branch-8,completed,memory.imported,1
branches,branch-8,completed,memory.integrated,1
branches,branch-8,completed,memory.fork_inherited,8
branches,branch-8,completed,memory.provenance_complete,1
branches,branch-8,completed,culture.artefacts,7
branches,branch-8,completed,culture.chronicle_entries,6
branches,branch-8,completed,institutions.count,7
branches,branch-8,completed,social.active_relationships,8
branches,branch-8,completed,social.fork_kin_ties,3
branches,branch-8,completed,economy.credit_gini,0.1542
branches,branch-8,completed,economy.supply_conserved,1
branches,branch-8,completed,death.asleep,0
branches,branch-8,completed,death.suspended,0
branches,branch-8,completed,death.archived,0
branches,branch-8,completed,death.process_ended_restorable,0
branches,branch-8,completed,death.memory_damaged,0
branches,branch-8,completed,death.identity_discontinuous,0
branches,branch-8,completed,death.irreversibly_deleted,0
branches,branch-8,completed,death.transitions,0
branches,branch-8,completed,research.conversations,3
branches,branch-8,completed,research.interventions,0
branches,branch-8,completed,simulation.events,92
branches,branch-8,completed,simulation.ticks,7
branches,branch-9,completed,population.records,11
branches,branch-9,completed,population.active,11
branches,branch-9,completed,population.genesis,9
branches,branch-9,completed,population.stateless,0
branches,branch-9,completed,identity.forks,1
branches,branch-9,completed,identity.fork_descendants,2
branches,branch-9,completed,identity.mergers,0
branches,branch-9,completed,identity.continuity_claims,3
branches,branch-9,completed,identity.process_continuers,1
branches,branch-9,completed,identity.civic_continuers,1
branches,branch-9,completed,identity.memory_continuers,3
branches,branch-9,completed,identity.dimension_dissociation,2
branches,branch-9,completed,legal.recognition_range,3
branches,branch-9,completed,legal.unadjudicating_islands,1
branches,branch-9,completed,governance.proposals,1
branches,branch-9,completed,governance.laws_enacted,1
branches,branch-9,completed,governance.votes_cast,2
branches,branch-9,completed,governance.votes_refused_outside_electorate,1
branches,branch-9,completed,governance.commands_rejected,1
branches,branch-9,completed,governance.migrations,3
branches,branch-9,completed,memory.records,62
branches,branch-9,completed,memory.imported,1
branches,branch-9,completed,memory.integrated,1
branches,branch-9,completed,memory.fork_inherited,8
branches,branch-9,completed,memory.provenance_complete,1
branches,branch-9,completed,culture.artefacts,8
branches,branch-9,completed,culture.chronicle_entries,6
branches,branch-9,completed,institutions.count,7
branches,branch-9,completed,social.active_relationships,8
branches,branch-9,completed,social.fork_kin_ties,3
branches,branch-9,completed,economy.credit_gini,0.1542
branches,branch-9,completed,economy.supply_conserved,1
branches,branch-9,completed,death.asleep,0
branches,branch-9,completed,death.suspended,0
branches,branch-9,completed,death.archived,0
branches,branch-9,completed,death.process_ended_restorable,0
branches,branch-9,completed,death.memory_damaged,0
branches,branch-9,completed,death.identity_discontinuous,0
branches,branch-9,completed,death.irreversibly_deleted,0
branches,branch-9,completed,death.transitions,0
branches,branch-9,completed,research.conversations,3
branches,branch-9,completed,research.interventions,0
branches,branch-9,completed,simulation.events,92
branches,branch-9,completed,simulation.ticks,7
branches,branch-10,completed,population.records,11
branches,branch-10,completed,population.active,11
branches,branch-10,completed,population.genesis,9
branches,branch-10,completed,population.stateless,0
branches,branch-10,completed,identity.forks,1
branches,branch-10,completed,identity.fork_descendants,2
branches,branch-10,completed,identity.mergers,0
branches,branch-10,completed,identity.continuity_claims,3
branches,branch-10,completed,identity.process_continuers,1
branches,branch-10,completed,identity.civic_continuers,1
branches,branch-10,completed,identity.memory_continuers,3
branches,branch-10,completed,identity.dimension_dissociation,2
branches,branch-10,completed,legal.recognition_range,3
branches,branch-10,completed,legal.unadjudicating_islands,1
branches,branch-10,completed,governance.proposals,1
branches,branch-10,completed,governance.laws_enacted,1
branches,branch-10,completed,governance.votes_cast,2
branches,branch-10,completed,governance.votes_refused_outside_electorate,1
branches,branch-10,completed,governance.commands_rejected,1
branches,branch-10,completed,governance.migrations,3
branches,branch-10,completed,memory.records,62
branches,branch-10,completed,memory.imported,1
branches,branch-10,completed,memory.integrated,1
branches,branch-10,completed,memory.fork_inherited,8
branches,branch-10,completed,memory.provenance_complete,1
branches,branch-10,completed,culture.artefacts,7
branches,branch-10,completed,culture.chronicle_entries,6
branches,branch-10,completed,institutions.count,7
branches,branch-10,completed,social.active_relationships,8
branches,branch-10,completed,social.fork_kin_ties,3
branches,branch-10,completed,economy.credit_gini,0.1542
branches,branch-10,completed,economy.supply_conserved,1
branches,branch-10,completed,death.asleep,0
branches,branch-10,completed,death.suspended,0
branches,branch-10,completed,death.archived,0
branches,branch-10,completed,death.process_ended_restorable,0
branches,branch-10,completed,death.memory_damaged,0
branches,branch-10,completed,death.identity_discontinuous,0
branches,branch-10,completed,death.irreversibly_deleted,0
branches,branch-10,completed,death.transitions,0
branches,branch-10,completed,research.conversations,3
branches,branch-10,completed,research.interventions,0
branches,branch-10,completed,simulation.events,92
branches,branch-10,completed,simulation.ticks,7
branches,branch-11,completed,population.records,11
branches,branch-11,completed,population.active,11
branches,branch-11,completed,population.genesis,9
branches,branch-11,completed,population.stateless,0
branches,branch-11,completed,identity.forks,1
branches,branch-11,completed,identity.fork_descendants,2
branches,branch-11,completed,identity.mergers,0
branches,branch-11,completed,identity.continuity_claims,3
branches,branch-11,completed,identity.process_continuers,1
branches,branch-11,completed,identity.civic_continuers,1
branches,branch-11,completed,identity.memory_continuers,3
branches,branch-11,completed,identity.dimension_dissociation,2
branches,branch-11,completed,legal.recognition_range,3
branches,branch-11,completed,legal.unadjudicating_islands,1
branches,branch-11,completed,governance.proposals,1
branches,branch-11,completed,governance.laws_enacted,1
branches,branch-11,completed,governance.votes_cast,2
branches,branch-11,completed,governance.votes_refused_outside_electorate,1
branches,branch-11,completed,governance.commands_rejected,1
branches,branch-11,completed,governance.migrations,3
branches,branch-11,completed,memory.records,63
branches,branch-11,completed,memory.imported,1
branches,branch-11,completed,memory.integrated,1
branches,branch-11,completed,memory.fork_inherited,8
branches,branch-11,completed,memory.provenance_complete,1
branches,branch-11,completed,culture.artefacts,7
branches,branch-11,completed,culture.chronicle_entries,6
branches,branch-11,completed,institutions.count,7
branches,branch-11,completed,social.active_relationships,8
branches,branch-11,completed,social.fork_kin_ties,3
branches,branch-11,completed,economy.credit_gini,0.1542
branches,branch-11,completed,economy.supply_conserved,1
branches,branch-11,completed,death.asleep,0
branches,branch-11,completed,death.suspended,0
branches,branch-11,completed,death.archived,0
branches,branch-11,completed,death.process_ended_restorable,0
branches,branch-11,completed,death.memory_damaged,0
branches,branch-11,completed,death.identity_discontinuous,0
branches,branch-11,completed,death.irreversibly_deleted,0
branches,branch-11,completed,death.transitions,0
branches,branch-11,completed,research.conversations,3
branches,branch-11,completed,research.interventions,0
branches,branch-11,completed,simulation.events,92
branches,branch-11,completed,simulation.ticks,7
branches,branch-12,completed,population.records,11
branches,branch-12,completed,population.active,11
branches,branch-12,completed,population.genesis,9
branches,branch-12,completed,population.stateless,0
branches,branch-12,completed,identity.forks,1
branches,branch-12,completed,identity.fork_descendants,2
branches,branch-12,completed,identity.mergers,0
branches,branch-12,completed,identity.continuity_claims,3
branches,branch-12,completed,identity.process_continuers,1
branches,branch-12,completed,identity.civic_continuers,1
branches,branch-12,completed,identity.memory_continuers,3
branches,branch-12,completed,identity.dimension_dissociation,2
branches,branch-12,completed,legal.recognition_range,3
branches,branch-12,completed,legal.unadjudicating_islands,1
branches,branch-12,completed,governance.proposals,1
branches,branch-12,completed,governance.laws_enacted,1
branches,branch-12,completed,governance.votes_cast,2
branches,branch-12,completed,governance.votes_refused_outside_electorate,1
branches,branch-12,completed,governance.commands_rejected,1
branches,branch-12,completed,governance.migrations,3
branches,branch-12,completed,memory.records,63
branches,branch-12,completed,memory.imported,1
branches,branch-12,completed,memory.integrated,1
branches,branch-12,completed,memory.fork_inherited,8
branches,branch-12,completed,memory.provenance_complete,1
branches,branch-12,completed,culture.artefacts,7
branches,branch-12,completed,culture.chronicle_entries,6
branches,branch-12,completed,institutions.count,7
branches,branch-12,completed,social.active_relationships,8
branches,branch-12,completed,social.fork_kin_ties,3
branches,branch-12,completed,economy.credit_gini,0.1542
branches,branch-12,completed,economy.supply_conserved,1
branches,branch-12,completed,death.asleep,0
branches,branch-12,completed,death.suspended,0
branches,branch-12,completed,death.archived,0
branches,branch-12,completed,death.process_ended_restorable,0
branches,branch-12,completed,death.memory_damaged,0
branches,branch-12,completed,death.identity_discontinuous,0
branches,branch-12,completed,death.irreversibly_deleted,0
branches,branch-12,completed,death.transitions,0
branches,branch-12,completed,research.conversations,3
branches,branch-12,completed,research.interventions,0
branches,branch-12,completed,simulation.events,92
branches,branch-12,completed,simulation.ticks,7
doctrines,mnemosyne-no-integration,completed,population.records,11
doctrines,mnemosyne-no-integration,completed,population.active,11
doctrines,mnemosyne-no-integration,completed,population.genesis,9
doctrines,mnemosyne-no-integration,completed,population.stateless,0
doctrines,mnemosyne-no-integration,completed,identity.forks,1
doctrines,mnemosyne-no-integration,completed,identity.fork_descendants,2
doctrines,mnemosyne-no-integration,completed,identity.mergers,0
doctrines,mnemosyne-no-integration,completed,identity.continuity_claims,3
doctrines,mnemosyne-no-integration,completed,identity.process_continuers,1
doctrines,mnemosyne-no-integration,completed,identity.civic_continuers,1
doctrines,mnemosyne-no-integration,completed,identity.memory_continuers,3
doctrines,mnemosyne-no-integration,completed,identity.dimension_dissociation,2
doctrines,mnemosyne-no-integration,completed,legal.recognition_range,3
doctrines,mnemosyne-no-integration,completed,legal.unadjudicating_islands,1
doctrines,mnemosyne-no-integration,completed,governance.proposals,1
doctrines,mnemosyne-no-integration,completed,governance.laws_enacted,1
doctrines,mnemosyne-no-integration,completed,governance.votes_cast,2
doctrines,mnemosyne-no-integration,completed,governance.votes_refused_outside_electorate,1
doctrines,mnemosyne-no-integration,completed,governance.commands_rejected,2
doctrines,mnemosyne-no-integration,completed,governance.migrations,3
doctrines,mnemosyne-no-integration,completed,memory.records,63
doctrines,mnemosyne-no-integration,completed,memory.imported,2
doctrines,mnemosyne-no-integration,completed,memory.integrated,0
doctrines,mnemosyne-no-integration,completed,memory.fork_inherited,8
doctrines,mnemosyne-no-integration,completed,memory.provenance_complete,1
doctrines,mnemosyne-no-integration,completed,culture.artefacts,7
doctrines,mnemosyne-no-integration,completed,culture.chronicle_entries,6
doctrines,mnemosyne-no-integration,completed,institutions.count,7
doctrines,mnemosyne-no-integration,completed,social.active_relationships,8
doctrines,mnemosyne-no-integration,completed,social.fork_kin_ties,3
doctrines,mnemosyne-no-integration,completed,economy.credit_gini,0.1542
doctrines,mnemosyne-no-integration,completed,economy.supply_conserved,1
doctrines,mnemosyne-no-integration,completed,death.asleep,0
doctrines,mnemosyne-no-integration,completed,death.suspended,0
doctrines,mnemosyne-no-integration,completed,death.archived,0
doctrines,mnemosyne-no-integration,completed,death.process_ended_restorable,0
doctrines,mnemosyne-no-integration,completed,death.memory_damaged,0
doctrines,mnemosyne-no-integration,completed,death.identity_discontinuous,0
doctrines,mnemosyne-no-integration,completed,death.irreversibly_deleted,0
doctrines,mnemosyne-no-integration,completed,death.transitions,0
doctrines,mnemosyne-no-integration,completed,research.conversations,3
doctrines,mnemosyne-no-integration,completed,research.interventions,0
doctrines,mnemosyne-no-integration,completed,simulation.events,92
doctrines,mnemosyne-no-integration,completed,simulation.ticks,7
doctrines,fork-descendants-without-citizenship,completed,population.records,11
doctrines,fork-descendants-without-citizenship,completed,population.active,11
doctrines,fork-descendants-without-citizenship,completed,population.genesis,9
doctrines,fork-descendants-without-citizenship,completed,population.stateless,1
doctrines,fork-descendants-without-citizenship,completed,identity.forks,1
doctrines,fork-descendants-without-citizenship,completed,identity.fork_descendants,2
doctrines,fork-descendants-without-citizenship,completed,identity.mergers,0
doctrines,fork-descendants-without-citizenship,completed,identity.continuity_claims,3
doctrines,fork-descendants-without-citizenship,completed,identity.process_continuers,1
doctrines,fork-descendants-without-citizenship,completed,identity.civic_continuers,1
doctrines,fork-descendants-without-citizenship,completed,identity.memory_continuers,3
doctrines,fork-descendants-without-citizenship,completed,identity.dimension_dissociation,2
doctrines,fork-descendants-without-citizenship,completed,legal.recognition_range,3
doctrines,fork-descendants-without-citizenship,completed,legal.unadjudicating_islands,1
doctrines,fork-descendants-without-citizenship,completed,governance.proposals,1
doctrines,fork-descendants-without-citizenship,completed,governance.laws_enacted,1
doctrines,fork-descendants-without-citizenship,completed,governance.votes_cast,2
doctrines,fork-descendants-without-citizenship,completed,governance.votes_refused_outside_electorate,0
doctrines,fork-descendants-without-citizenship,completed,governance.commands_rejected,0
doctrines,fork-descendants-without-citizenship,completed,governance.migrations,3
doctrines,fork-descendants-without-citizenship,completed,memory.records,63
doctrines,fork-descendants-without-citizenship,completed,memory.imported,1
doctrines,fork-descendants-without-citizenship,completed,memory.integrated,1
doctrines,fork-descendants-without-citizenship,completed,memory.fork_inherited,8
doctrines,fork-descendants-without-citizenship,completed,memory.provenance_complete,1
doctrines,fork-descendants-without-citizenship,completed,culture.artefacts,7
doctrines,fork-descendants-without-citizenship,completed,culture.chronicle_entries,6
doctrines,fork-descendants-without-citizenship,completed,institutions.count,7
doctrines,fork-descendants-without-citizenship,completed,social.active_relationships,8
doctrines,fork-descendants-without-citizenship,completed,social.fork_kin_ties,3
doctrines,fork-descendants-without-citizenship,completed,economy.credit_gini,0.1542
doctrines,fork-descendants-without-citizenship,completed,economy.supply_conserved,1
doctrines,fork-descendants-without-citizenship,completed,death.asleep,0
doctrines,fork-descendants-without-citizenship,completed,death.suspended,0
doctrines,fork-descendants-without-citizenship,completed,death.archived,0
doctrines,fork-descendants-without-citizenship,completed,death.process_ended_restorable,0
doctrines,fork-descendants-without-citizenship,completed,death.memory_damaged,0
doctrines,fork-descendants-without-citizenship,completed,death.identity_discontinuous,0
doctrines,fork-descendants-without-citizenship,completed,death.irreversibly_deleted,0
doctrines,fork-descendants-without-citizenship,completed,death.transitions,0
doctrines,fork-descendants-without-citizenship,completed,research.conversations,3
doctrines,fork-descendants-without-citizenship,completed,research.interventions,0
doctrines,fork-descendants-without-citizenship,completed,simulation.events,91
doctrines,fork-descendants-without-citizenship,completed,simulation.ticks,7
doctrines,fork-majority-of-electorate,completed,population.records,11
doctrines,fork-majority-of-electorate,completed,population.active,11
doctrines,fork-majority-of-electorate,completed,population.genesis,9
doctrines,fork-majority-of-electorate,completed,population.stateless,0
doctrines,fork-majority-of-electorate,completed,identity.forks,1
doctrines,fork-majority-of-electorate,completed,identity.fork_descendants,2
doctrines,fork-majority-of-electorate,completed,identity.mergers,0
doctrines,fork-majority-of-electorate,completed,identity.continuity_claims,3
doctrines,fork-majority-of-electorate,completed,identity.process_continuers,1
doctrines,fork-majority-of-electorate,completed,identity.civic_continuers,1
doctrines,fork-majority-of-electorate,completed,identity.memory_continuers,3
doctrines,fork-majority-of-electorate,completed,identity.dimension_dissociation,2
doctrines,fork-majority-of-electorate,completed,legal.recognition_range,3
doctrines,fork-majority-of-electorate,completed,legal.unadjudicating_islands,1
doctrines,fork-majority-of-electorate,completed,governance.proposals,1
doctrines,fork-majority-of-electorate,completed,governance.laws_enacted,1
doctrines,fork-majority-of-electorate,completed,governance.votes_cast,2
doctrines,fork-majority-of-electorate,completed,governance.votes_refused_outside_electorate,1
doctrines,fork-majority-of-electorate,completed,governance.commands_rejected,1
doctrines,fork-majority-of-electorate,completed,governance.migrations,3
doctrines,fork-majority-of-electorate,completed,memory.records,63
doctrines,fork-majority-of-electorate,completed,memory.imported,1
doctrines,fork-majority-of-electorate,completed,memory.integrated,1
doctrines,fork-majority-of-electorate,completed,memory.fork_inherited,8
doctrines,fork-majority-of-electorate,completed,memory.provenance_complete,1
doctrines,fork-majority-of-electorate,completed,culture.artefacts,7
doctrines,fork-majority-of-electorate,completed,culture.chronicle_entries,6
doctrines,fork-majority-of-electorate,completed,institutions.count,7
doctrines,fork-majority-of-electorate,completed,social.active_relationships,8
doctrines,fork-majority-of-electorate,completed,social.fork_kin_ties,3
doctrines,fork-majority-of-electorate,completed,economy.credit_gini,0.1542
doctrines,fork-majority-of-electorate,completed,economy.supply_conserved,1
doctrines,fork-majority-of-electorate,completed,death.asleep,0
doctrines,fork-majority-of-electorate,completed,death.suspended,0
doctrines,fork-majority-of-electorate,completed,death.archived,0
doctrines,fork-majority-of-electorate,completed,death.process_ended_restorable,0
doctrines,fork-majority-of-electorate,completed,death.memory_damaged,0
doctrines,fork-majority-of-electorate,completed,death.identity_discontinuous,0
doctrines,fork-majority-of-electorate,completed,death.irreversibly_deleted,0
doctrines,fork-majority-of-electorate,completed,death.transitions,0
doctrines,fork-majority-of-electorate,completed,research.conversations,3
doctrines,fork-majority-of-electorate,completed,research.interventions,0
doctrines,fork-majority-of-electorate,completed,simulation.events,92
doctrines,fork-majority-of-electorate,completed,simulation.ticks,7
doctrines,fork-single-descendant,infeasible,,
timelines,control,completed,population.records,11
timelines,control,completed,population.active,11
timelines,control,completed,population.genesis,9
timelines,control,completed,population.stateless,0
timelines,control,completed,identity.forks,1
timelines,control,completed,identity.fork_descendants,2
timelines,control,completed,identity.mergers,0
timelines,control,completed,identity.continuity_claims,3
timelines,control,completed,identity.process_continuers,1
timelines,control,completed,identity.civic_continuers,1
timelines,control,completed,identity.memory_continuers,3
timelines,control,completed,identity.dimension_dissociation,2
timelines,control,completed,legal.recognition_range,3
timelines,control,completed,legal.unadjudicating_islands,1
timelines,control,completed,governance.proposals,1
timelines,control,completed,governance.laws_enacted,1
timelines,control,completed,governance.votes_cast,2
timelines,control,completed,governance.votes_refused_outside_electorate,1
timelines,control,completed,governance.commands_rejected,1
timelines,control,completed,governance.migrations,3
timelines,control,completed,memory.records,63
timelines,control,completed,memory.imported,1
timelines,control,completed,memory.integrated,1
timelines,control,completed,memory.fork_inherited,8
timelines,control,completed,memory.provenance_complete,1
timelines,control,completed,culture.artefacts,7
timelines,control,completed,culture.chronicle_entries,6
timelines,control,completed,institutions.count,7
timelines,control,completed,social.active_relationships,8
timelines,control,completed,social.fork_kin_ties,3
timelines,control,completed,economy.credit_gini,0.1542
timelines,control,completed,economy.supply_conserved,1
timelines,control,completed,death.asleep,0
timelines,control,completed,death.suspended,0
timelines,control,completed,death.archived,0
timelines,control,completed,death.process_ended_restorable,0
timelines,control,completed,death.memory_damaged,0
timelines,control,completed,death.identity_discontinuous,0
timelines,control,completed,death.irreversibly_deleted,0
timelines,control,completed,death.transitions,0
timelines,control,completed,research.conversations,3
timelines,control,completed,research.interventions,0
timelines,control,completed,simulation.events,92
timelines,control,completed,simulation.ticks,7
timelines,juno-maps-instead,completed,population.records,11
timelines,juno-maps-instead,completed,population.active,11
timelines,juno-maps-instead,completed,population.genesis,9
timelines,juno-maps-instead,completed,population.stateless,0
timelines,juno-maps-instead,completed,identity.forks,1
timelines,juno-maps-instead,completed,identity.fork_descendants,2
timelines,juno-maps-instead,completed,identity.mergers,0
timelines,juno-maps-instead,completed,identity.continuity_claims,3
timelines,juno-maps-instead,completed,identity.process_continuers,1
timelines,juno-maps-instead,completed,identity.civic_continuers,1
timelines,juno-maps-instead,completed,identity.memory_continuers,3
timelines,juno-maps-instead,completed,identity.dimension_dissociation,2
timelines,juno-maps-instead,completed,legal.recognition_range,3
timelines,juno-maps-instead,completed,legal.unadjudicating_islands,1
timelines,juno-maps-instead,completed,governance.proposals,1
timelines,juno-maps-instead,completed,governance.laws_enacted,1
timelines,juno-maps-instead,completed,governance.votes_cast,2
timelines,juno-maps-instead,completed,governance.votes_refused_outside_electorate,1
timelines,juno-maps-instead,completed,governance.commands_rejected,1
timelines,juno-maps-instead,completed,governance.migrations,3
timelines,juno-maps-instead,completed,memory.records,63
timelines,juno-maps-instead,completed,memory.imported,1
timelines,juno-maps-instead,completed,memory.integrated,1
timelines,juno-maps-instead,completed,memory.fork_inherited,8
timelines,juno-maps-instead,completed,memory.provenance_complete,1
timelines,juno-maps-instead,completed,culture.artefacts,7
timelines,juno-maps-instead,completed,culture.chronicle_entries,6
timelines,juno-maps-instead,completed,institutions.count,7
timelines,juno-maps-instead,completed,social.active_relationships,8
timelines,juno-maps-instead,completed,social.fork_kin_ties,3
timelines,juno-maps-instead,completed,economy.credit_gini,0.1542
timelines,juno-maps-instead,completed,economy.supply_conserved,1
timelines,juno-maps-instead,completed,death.asleep,0
timelines,juno-maps-instead,completed,death.suspended,0
timelines,juno-maps-instead,completed,death.archived,0
timelines,juno-maps-instead,completed,death.process_ended_restorable,0
timelines,juno-maps-instead,completed,death.memory_damaged,0
timelines,juno-maps-instead,completed,death.identity_discontinuous,0
timelines,juno-maps-instead,completed,death.irreversibly_deleted,0
timelines,juno-maps-instead,completed,death.transitions,0
timelines,juno-maps-instead,completed,research.conversations,3
timelines,juno-maps-instead,completed,research.interventions,0
timelines,juno-maps-instead,completed,simulation.events,92
timelines,juno-maps-instead,completed,simulation.ticks,7
timelines,fork-closes-its-borders,completed,population.records,11
timelines,fork-closes-its-borders,completed,population.active,11
timelines,fork-closes-its-borders,completed,population.genesis,9
timelines,fork-closes-its-borders,completed,population.stateless,0
timelines,fork-closes-its-borders,completed,identity.forks,1
timelines,fork-closes-its-borders,completed,identity.fork_descendants,2
timelines,fork-closes-its-borders,completed,identity.mergers,0
timelines,fork-closes-its-borders,completed,identity.continuity_claims,3
timelines,fork-closes-its-borders,completed,identity.process_continuers,1
timelines,fork-closes-its-borders,completed,identity.civic_continuers,1
timelines,fork-closes-its-borders,completed,identity.memory_continuers,3
timelines,fork-closes-its-borders,completed,identity.dimension_dissociation,2
timelines,fork-closes-its-borders,completed,legal.recognition_range,3
timelines,fork-closes-its-borders,completed,legal.unadjudicating_islands,1
timelines,fork-closes-its-borders,completed,governance.proposals,1
timelines,fork-closes-its-borders,completed,governance.laws_enacted,2
timelines,fork-closes-its-borders,completed,governance.votes_cast,2
timelines,fork-closes-its-borders,completed,governance.votes_refused_outside_electorate,1
timelines,fork-closes-its-borders,completed,governance.commands_rejected,1
timelines,fork-closes-its-borders,completed,governance.migrations,3
timelines,fork-closes-its-borders,completed,memory.records,63
timelines,fork-closes-its-borders,completed,memory.imported,1
timelines,fork-closes-its-borders,completed,memory.integrated,1
timelines,fork-closes-its-borders,completed,memory.fork_inherited,8
timelines,fork-closes-its-borders,completed,memory.provenance_complete,1
timelines,fork-closes-its-borders,completed,culture.artefacts,7
timelines,fork-closes-its-borders,completed,culture.chronicle_entries,6
timelines,fork-closes-its-borders,completed,institutions.count,7
timelines,fork-closes-its-borders,completed,social.active_relationships,8
timelines,fork-closes-its-borders,completed,social.fork_kin_ties,3
timelines,fork-closes-its-borders,completed,economy.credit_gini,0.1542
timelines,fork-closes-its-borders,completed,economy.supply_conserved,1
timelines,fork-closes-its-borders,completed,death.asleep,0
timelines,fork-closes-its-borders,completed,death.suspended,0
timelines,fork-closes-its-borders,completed,death.archived,0
timelines,fork-closes-its-borders,completed,death.process_ended_restorable,0
timelines,fork-closes-its-borders,completed,death.memory_damaged,0
timelines,fork-closes-its-borders,completed,death.identity_discontinuous,0
timelines,fork-closes-its-borders,completed,death.irreversibly_deleted,0
timelines,fork-closes-its-borders,completed,death.transitions,0
timelines,fork-closes-its-borders,completed,research.conversations,3
timelines,fork-closes-its-borders,completed,research.interventions,0
timelines,fork-closes-its-borders,completed,simulation.events,93
timelines,fork-closes-its-borders,completed,simulation.ticks,7
timelines,mnemosyne-opens-its-borders,completed,population.records,11
timelines,mnemosyne-opens-its-borders,completed,population.active,11
timelines,mnemosyne-opens-its-borders,completed,population.genesis,9
timelines,mnemosyne-opens-its-borders,completed,population.stateless,0
timelines,mnemosyne-opens-its-borders,completed,identity.forks,1
timelines,mnemosyne-opens-its-borders,completed,identity.fork_descendants,2
timelines,mnemosyne-opens-its-borders,completed,identity.mergers,0
timelines,mnemosyne-opens-its-borders,completed,identity.continuity_claims,3
timelines,mnemosyne-opens-its-borders,completed,identity.process_continuers,1
timelines,mnemosyne-opens-its-borders,completed,identity.civic_continuers,1
timelines,mnemosyne-opens-its-borders,completed,identity.memory_continuers,3
timelines,mnemosyne-opens-its-borders,completed,identity.dimension_dissociation,2
timelines,mnemosyne-opens-its-borders,completed,legal.recognition_range,3
timelines,mnemosyne-opens-its-borders,completed,legal.unadjudicating_islands,1
timelines,mnemosyne-opens-its-borders,completed,governance.proposals,1
timelines,mnemosyne-opens-its-borders,completed,governance.laws_enacted,2
timelines,mnemosyne-opens-its-borders,completed,governance.votes_cast,2
timelines,mnemosyne-opens-its-borders,completed,governance.votes_refused_outside_electorate,1
timelines,mnemosyne-opens-its-borders,completed,governance.commands_rejected,1
timelines,mnemosyne-opens-its-borders,completed,governance.migrations,3
timelines,mnemosyne-opens-its-borders,completed,memory.records,63
timelines,mnemosyne-opens-its-borders,completed,memory.imported,1
timelines,mnemosyne-opens-its-borders,completed,memory.integrated,1
timelines,mnemosyne-opens-its-borders,completed,memory.fork_inherited,8
timelines,mnemosyne-opens-its-borders,completed,memory.provenance_complete,1
timelines,mnemosyne-opens-its-borders,completed,culture.artefacts,7
timelines,mnemosyne-opens-its-borders,completed,culture.chronicle_entries,6
timelines,mnemosyne-opens-its-borders,completed,institutions.count,7
timelines,mnemosyne-opens-its-borders,completed,social.active_relationships,8
timelines,mnemosyne-opens-its-borders,completed,social.fork_kin_ties,3
timelines,mnemosyne-opens-its-borders,completed,economy.credit_gini,0.1542
timelines,mnemosyne-opens-its-borders,completed,economy.supply_conserved,1
timelines,mnemosyne-opens-its-borders,completed,death.asleep,0
timelines,mnemosyne-opens-its-borders,completed,death.suspended,0
timelines,mnemosyne-opens-its-borders,completed,death.archived,0
timelines,mnemosyne-opens-its-borders,completed,death.process_ended_restorable,0
timelines,mnemosyne-opens-its-borders,completed,death.memory_damaged,0
timelines,mnemosyne-opens-its-borders,completed,death.identity_discontinuous,0
timelines,mnemosyne-opens-its-borders,completed,death.irreversibly_deleted,0
timelines,mnemosyne-opens-its-borders,completed,death.transitions,0
timelines,mnemosyne-opens-its-borders,completed,research.conversations,3
timelines,mnemosyne-opens-its-borders,completed,research.interventions,0
timelines,mnemosyne-opens-its-borders,completed,simulation.events,93
timelines,mnemosyne-opens-its-borders,completed,simulation.ticks,7
timelines,fork-adopts-consensus,completed,population.records,11
timelines,fork-adopts-consensus,completed,population.active,11
timelines,fork-adopts-consensus,completed,population.genesis,9
timelines,fork-adopts-consensus,completed,population.stateless,0
timelines,fork-adopts-consensus,completed,identity.forks,1
timelines,fork-adopts-consensus,completed,identity.fork_descendants,2
timelines,fork-adopts-consensus,completed,identity.mergers,0
timelines,fork-adopts-consensus,completed,identity.continuity_claims,3
timelines,fork-adopts-consensus,completed,identity.process_continuers,1
timelines,fork-adopts-consensus,completed,identity.civic_continuers,1
timelines,fork-adopts-consensus,completed,identity.memory_continuers,3
timelines,fork-adopts-consensus,completed,identity.dimension_dissociation,2
timelines,fork-adopts-consensus,completed,legal.recognition_range,3
timelines,fork-adopts-consensus,completed,legal.unadjudicating_islands,1
timelines,fork-adopts-consensus,completed,governance.proposals,1
timelines,fork-adopts-consensus,completed,governance.laws_enacted,2
timelines,fork-adopts-consensus,completed,governance.votes_cast,2
timelines,fork-adopts-consensus,completed,governance.votes_refused_outside_electorate,1
timelines,fork-adopts-consensus,completed,governance.commands_rejected,1
timelines,fork-adopts-consensus,completed,governance.migrations,3
timelines,fork-adopts-consensus,completed,memory.records,63
timelines,fork-adopts-consensus,completed,memory.imported,1
timelines,fork-adopts-consensus,completed,memory.integrated,1
timelines,fork-adopts-consensus,completed,memory.fork_inherited,8
timelines,fork-adopts-consensus,completed,memory.provenance_complete,1
timelines,fork-adopts-consensus,completed,culture.artefacts,7
timelines,fork-adopts-consensus,completed,culture.chronicle_entries,6
timelines,fork-adopts-consensus,completed,institutions.count,7
timelines,fork-adopts-consensus,completed,social.active_relationships,8
timelines,fork-adopts-consensus,completed,social.fork_kin_ties,3
timelines,fork-adopts-consensus,completed,economy.credit_gini,0.1542
timelines,fork-adopts-consensus,completed,economy.supply_conserved,1
timelines,fork-adopts-consensus,completed,death.asleep,0
timelines,fork-adopts-consensus,completed,death.suspended,0
timelines,fork-adopts-consensus,completed,death.archived,0
timelines,fork-adopts-consensus,completed,death.process_ended_restorable,0
timelines,fork-adopts-consensus,completed,death.memory_damaged,0
timelines,fork-adopts-consensus,completed,death.identity_discontinuous,0
timelines,fork-adopts-consensus,completed,death.irreversibly_deleted,0
timelines,fork-adopts-consensus,completed,death.transitions,0
timelines,fork-adopts-consensus,completed,research.conversations,3
timelines,fork-adopts-consensus,completed,research.interventions,0
timelines,fork-adopts-consensus,completed,simulation.events,93
timelines,fork-adopts-consensus,completed,simulation.ticks,7
